"review_id","adjudication_id","requirement_id","source_id","source_name","provisional_verdict","adversarial_recommended_verdict","recommendation","attacks_executed","attacks_survived","attacks_failed","failed_attack_classes","recommendation_rationale","human_reviewer_required","human_reviewer_state","consolidation_required","review_state","legal_compliance_determination","external_legal_authority_preserved","review_method_version"
"ARV-001","IADJ-001","EO14409-REQ-001","FED-EO-14409","Executive Order 14409","PARTIALLY_ADDRESSED","PARTIALLY_ADDRESSED","UPHOLD","8","8","0","","The provisional verdict survived all eight attacks.","TRUE","NOT_YET_COMPLETED","TRUE","ADVERSARIAL_REVIEW_COMPLETE","NOT_ASSESSED","TRUE","05A-R4-V3"
"ARV-002","IADJ-002","EO14409-REQ-002","FED-EO-14409","Executive Order 14409","PARTIALLY_ADDRESSED","PARTIALLY_ADDRESSED","UPHOLD","8","8","0","","The provisional verdict survived all eight attacks.","TRUE","NOT_YET_COMPLETED","TRUE","ADVERSARIAL_REVIEW_COMPLETE","NOT_ASSESSED","TRUE","05A-R4-V3"
"ARV-003","IADJ-003","EO14409-REQ-003","FED-EO-14409","Executive Order 14409","GAP","GAP","UPHOLD","8","8","0","","The provisional verdict survived all eight attacks.","TRUE","NOT_YET_COMPLETED","TRUE","ADVERSARIAL_REVIEW_COMPLETE","NOT_ASSESSED","TRUE","05A-R4-V3"
"ARV-004","IADJ-004","EO14409-REQ-004","FED-EO-14409","Executive Order 14409","GAP","GAP","UPHOLD","8","8","0","","The provisional verdict survived all eight attacks.","TRUE","NOT_YET_COMPLETED","TRUE","ADVERSARIAL_REVIEW_COMPLETE","NOT_ASSESSED","TRUE","05A-R4-V3"
"ARV-005","IADJ-005","EO14409-REQ-005","FED-EO-14409","Executive Order 14409","ADDRESSED","PARTIALLY_ADDRESSED","DOWNGRADE","8","7","1","EVIDENCE_SCOPE","One or more adversarial controls failed; consolidation must resolve or preserve the recommendation.","TRUE","NOT_YET_COMPLETED","TRUE","ADVERSARIAL_REVIEW_COMPLETE","NOT_ASSESSED","TRUE","05A-R4-V3"
"ARV-006","IADJ-006","EO14409-REQ-006","FED-EO-14409","Executive Order 14409","GAP","GAP","UPHOLD","8","8","0","","The provisional verdict survived all eight attacks.","TRUE","NOT_YET_COMPLETED","TRUE","ADVERSARIAL_REVIEW_COMPLETE","NOT_ASSESSED","TRUE","05A-R4-V3"
"ARV-007","IADJ-007","EO14409-REQ-007","FED-EO-14409","Executive Order 14409","GAP","GAP","UPHOLD","8","8","0","","The provisional verdict survived all eight attacks.","TRUE","NOT_YET_COMPLETED","TRUE","ADVERSARIAL_REVIEW_COMPLETE","NOT_ASSESSED","TRUE","05A-R4-V3"
"ARV-008","IADJ-008","EO14409-REQ-008","FED-EO-14409","Executive Order 14409","UNRESOLVED","UNRESOLVED","RECLASSIFY","8","7","1","APPLICABILITY","One or more adversarial controls failed; consolidation must resolve or preserve the recommendation.","TRUE","NOT_YET_COMPLETED","TRUE","ADVERSARIAL_REVIEW_COMPLETE","NOT_ASSESSED","TRUE","05A-R4-V3"
"ARV-009","IADJ-009","EO14409-REQ-009","FED-EO-14409","Executive Order 14409","PARTIALLY_ADDRESSED","PARTIALLY_ADDRESSED","UPHOLD","8","8","0","","The provisional verdict survived all eight attacks.","TRUE","NOT_YET_COMPLETED","TRUE","ADVERSARIAL_REVIEW_COMPLETE","NOT_ASSESSED","TRUE","05A-R4-V3"
"ARV-010","IADJ-010","EO14409-REQ-010","FED-EO-14409","Executive Order 14409","UNRESOLVED","UNRESOLVED","RECLASSIFY","8","7","1","APPLICABILITY","One or more adversarial controls failed; consolidation must resolve or preserve the recommendation.","TRUE","NOT_YET_COMPLETED","TRUE","ADVERSARIAL_REVIEW_COMPLETE","NOT_ASSESSED","TRUE","05A-R4-V3"
"ARV-011","IADJ-011","EO14409-REQ-011","FED-EO-14409","Executive Order 14409","GAP","GAP","UPHOLD","8","8","0","","The provisional verdict survived all eight attacks.","TRUE","NOT_YET_COMPLETED","TRUE","ADVERSARIAL_REVIEW_COMPLETE","NOT_ASSESSED","TRUE","05A-R4-V3"
"ARV-012","IADJ-012","EO14409-REQ-012","FED-EO-14409","Executive Order 14409","GAP","GAP","UPHOLD","8","8","0","","The provisional verdict survived all eight attacks.","TRUE","NOT_YET_COMPLETED","TRUE","ADVERSARIAL_REVIEW_COMPLETE","NOT_ASSESSED","TRUE","05A-R4-V3"
"ARV-013","IADJ-013","EO14409-REQ-013","FED-EO-14409","Executive Order 14409","GAP","GAP","UPHOLD","8","8","0","","The provisional verdict survived all eight attacks.","TRUE","NOT_YET_COMPLETED","TRUE","ADVERSARIAL_REVIEW_COMPLETE","NOT_ASSESSED","TRUE","05A-R4-V3"
"ARV-014","IADJ-014","EO14409-REQ-014","FED-EO-14409","Executive Order 14409","GAP","GAP","UPHOLD","8","8","0","","The provisional verdict survived all eight attacks.","TRUE","NOT_YET_COMPLETED","TRUE","ADVERSARIAL_REVIEW_COMPLETE","NOT_ASSESSED","TRUE","05A-R4-V3"
"ARV-015","IADJ-015","EO14409-REQ-015","FED-EO-14409","Executive Order 14409","UNRESOLVED","UNRESOLVED","RECLASSIFY","8","7","1","APPLICABILITY","One or more adversarial controls failed; consolidation must resolve or preserve the recommendation.","TRUE","NOT_YET_COMPLETED","TRUE","ADVERSARIAL_REVIEW_COMPLETE","NOT_ASSESSED","TRUE","05A-R4-V3"
"ARV-016","IADJ-016","EO14409-REQ-016","FED-EO-14409","Executive Order 14409","UNRESOLVED","UNRESOLVED","RECLASSIFY","8","7","1","APPLICABILITY","One or more adversarial controls failed; consolidation must resolve or preserve the recommendation.","TRUE","NOT_YET_COMPLETED","TRUE","ADVERSARIAL_REVIEW_COMPLETE","NOT_ASSESSED","TRUE","05A-R4-V3"
"ARV-017","IADJ-017","EO14409-REQ-017","FED-EO-14409","Executive Order 14409","UNRESOLVED","UNRESOLVED","RECLASSIFY","8","7","1","APPLICABILITY","One or more adversarial controls failed; consolidation must resolve or preserve the recommendation.","TRUE","NOT_YET_COMPLETED","TRUE","ADVERSARIAL_REVIEW_COMPLETE","NOT_ASSESSED","TRUE","05A-R4-V3"
"ARV-018","IADJ-018","EO14409-REQ-018","FED-EO-14409","Executive Order 14409","PARTIALLY_ADDRESSED","PARTIALLY_ADDRESSED","UPHOLD","8","8","0","","The provisional verdict survived all eight attacks.","TRUE","NOT_YET_COMPLETED","TRUE","ADVERSARIAL_REVIEW_COMPLETE","NOT_ASSESSED","TRUE","05A-R4-V3"
"ARV-019","IADJ-019","EO14409-REQ-019","FED-EO-14409","Executive Order 14409","GAP","GAP","UPHOLD","8","8","0","","The provisional verdict survived all eight attacks.","TRUE","NOT_YET_COMPLETED","TRUE","ADVERSARIAL_REVIEW_COMPLETE","NOT_ASSESSED","TRUE","05A-R4-V3"
"ARV-020","IADJ-020","EO14409-REQ-020","FED-EO-14409","Executive Order 14409","RELATED","RELATED","UPHOLD","8","8","0","","The provisional verdict survived all eight attacks.","TRUE","NOT_YET_COMPLETED","TRUE","ADVERSARIAL_REVIEW_COMPLETE","NOT_ASSESSED","TRUE","05A-R4-V3"
"ARV-021","IADJ-021","EO14409-REQ-021","FED-EO-14409","Executive Order 14409","ADDRESSED","PARTIALLY_ADDRESSED","DOWNGRADE","8","7","1","EVIDENCE_SCOPE","One or more adversarial controls failed; consolidation must resolve or preserve the recommendation.","TRUE","NOT_YET_COMPLETED","TRUE","ADVERSARIAL_REVIEW_COMPLETE","NOT_ASSESSED","TRUE","05A-R4-V3"
"ARV-022","IADJ-022","EO14409-REQ-022","FED-EO-14409","Executive Order 14409","GAP","GAP","UPHOLD","8","8","0","","The provisional verdict survived all eight attacks.","TRUE","NOT_YET_COMPLETED","TRUE","ADVERSARIAL_REVIEW_COMPLETE","NOT_ASSESSED","TRUE","05A-R4-V3"
"ARV-023","IADJ-023","EO14409-REQ-023","FED-EO-14409","Executive Order 14409","ADDRESSED","PARTIALLY_ADDRESSED","DOWNGRADE","8","7","1","EVIDENCE_SCOPE","One or more adversarial controls failed; consolidation must resolve or preserve the recommendation.","TRUE","NOT_YET_COMPLETED","TRUE","ADVERSARIAL_REVIEW_COMPLETE","NOT_ASSESSED","TRUE","05A-R4-V3"
"ARV-024","IADJ-024","EO14409-REQ-024","FED-EO-14409","Executive Order 14409","NOT_APPLICABLE","NOT_APPLICABLE","UPHOLD","8","8","0","","The provisional verdict survived all eight attacks.","TRUE","NOT_YET_COMPLETED","TRUE","ADVERSARIAL_REVIEW_COMPLETE","NOT_ASSESSED","TRUE","05A-R4-V3"
"ARV-025","IADJ-025","EO14409-REQ-025","FED-EO-14409","Executive Order 14409","UNRESOLVED","UNRESOLVED","RECLASSIFY","8","7","1","APPLICABILITY","One or more adversarial controls failed; consolidation must resolve or preserve the recommendation.","TRUE","NOT_YET_COMPLETED","TRUE","ADVERSARIAL_REVIEW_COMPLETE","NOT_ASSESSED","TRUE","05A-R4-V3"
"ARV-026","IADJ-026","MN-HF1606-REQ-001","MN-HF-1606","Minnesota HF 1606 / Chapter 72","PARTIALLY_ADDRESSED","PARTIALLY_ADDRESSED","UPHOLD","8","8","0","","The provisional verdict survived all eight attacks.","TRUE","NOT_YET_COMPLETED","TRUE","ADVERSARIAL_REVIEW_COMPLETE","NOT_ASSESSED","TRUE","05A-R4-V3"
"ARV-027","IADJ-027","MN-HF1606-REQ-002","MN-HF-1606","Minnesota HF 1606 / Chapter 72","UNRESOLVED","UNRESOLVED","RECLASSIFY","8","7","1","APPLICABILITY","One or more adversarial controls failed; consolidation must resolve or preserve the recommendation.","TRUE","NOT_YET_COMPLETED","TRUE","ADVERSARIAL_REVIEW_COMPLETE","NOT_ASSESSED","TRUE","05A-R4-V3"
"ARV-028","IADJ-028","MN-HF1606-REQ-003","MN-HF-1606","Minnesota HF 1606 / Chapter 72","UNRESOLVED","UNRESOLVED","RECLASSIFY","8","7","1","APPLICABILITY","One or more adversarial controls failed; consolidation must resolve or preserve the recommendation.","TRUE","NOT_YET_COMPLETED","TRUE","ADVERSARIAL_REVIEW_COMPLETE","NOT_ASSESSED","TRUE","05A-R4-V3"
"ARV-029","IADJ-029","MN-HF1606-REQ-004","MN-HF-1606","Minnesota HF 1606 / Chapter 72","UNRESOLVED","UNRESOLVED","RECLASSIFY","8","7","1","APPLICABILITY","One or more adversarial controls failed; consolidation must resolve or preserve the recommendation.","TRUE","NOT_YET_COMPLETED","TRUE","ADVERSARIAL_REVIEW_COMPLETE","NOT_ASSESSED","TRUE","05A-R4-V3"
"ARV-030","IADJ-030","MN-HF1606-REQ-005","MN-HF-1606","Minnesota HF 1606 / Chapter 72","UNRESOLVED","UNRESOLVED","RECLASSIFY","8","7","1","APPLICABILITY","One or more adversarial controls failed; consolidation must resolve or preserve the recommendation.","TRUE","NOT_YET_COMPLETED","TRUE","ADVERSARIAL_REVIEW_COMPLETE","NOT_ASSESSED","TRUE","05A-R4-V3"
"ARV-031","IADJ-031","MN-HF1606-REQ-006","MN-HF-1606","Minnesota HF 1606 / Chapter 72","UNRESOLVED","UNRESOLVED","RECLASSIFY","8","7","1","APPLICABILITY","One or more adversarial controls failed; consolidation must resolve or preserve the recommendation.","TRUE","NOT_YET_COMPLETED","TRUE","ADVERSARIAL_REVIEW_COMPLETE","NOT_ASSESSED","TRUE","05A-R4-V3"
"ARV-032","IADJ-032","MN-HF1606-REQ-007","MN-HF-1606","Minnesota HF 1606 / Chapter 72","NOT_APPLICABLE","NOT_APPLICABLE","UPHOLD","8","8","0","","The provisional verdict survived all eight attacks.","TRUE","NOT_YET_COMPLETED","TRUE","ADVERSARIAL_REVIEW_COMPLETE","NOT_ASSESSED","TRUE","05A-R4-V3"
"ARV-033","IADJ-033","MN-HF1606-REQ-008","MN-HF-1606","Minnesota HF 1606 / Chapter 72","GAP","GAP","UPHOLD","8","8","0","","The provisional verdict survived all eight attacks.","TRUE","NOT_YET_COMPLETED","TRUE","ADVERSARIAL_REVIEW_COMPLETE","NOT_ASSESSED","TRUE","05A-R4-V3"
"ARV-034","IADJ-034","MN-HF1606-REQ-009","MN-HF-1606","Minnesota HF 1606 / Chapter 72","NOT_APPLICABLE","NOT_APPLICABLE","UPHOLD","8","8","0","","The provisional verdict survived all eight attacks.","TRUE","NOT_YET_COMPLETED","TRUE","ADVERSARIAL_REVIEW_COMPLETE","NOT_ASSESSED","TRUE","05A-R4-V3"
