"requirement_id","statutory_section","regulated_actor","actor_class","action_type","requirement","mandatory_status","effective_date","enforcement","consequence","exception_reference","source_anchor"
"MN-HF1606-REQ-001","325E.91 subd. 2(a)(1)","Person owning or controlling a website, application, software, program, or other service","PRIVATE_OR_PUBLIC_SERVICE_CONTROLLER","PROHIBITION","Must not allow a user to access, download, or use the service to nudify an image or video.","MANDATORY","2026-08-01","Attorney General and private civil action","Civil remedies and civil penalty","Subdivision 3","Minnesota Statutes 325E.91, subdivision 2(a)(1)"
"MN-HF1606-REQ-002","325E.91 subd. 2(a)(2)","Person owning or controlling a website, application, software, program, or other service","PRIVATE_OR_PUBLIC_SERVICE_CONTROLLER","PROHIBITION","Must not nudify an image or video on behalf of a user.","MANDATORY","2026-08-01","Attorney General and private civil action","Civil remedies and civil penalty","Subdivision 3","Minnesota Statutes 325E.91, subdivision 2(a)(2)"
"MN-HF1606-REQ-003","325E.91 subd. 2(b)","Any person","PERSON_OR_ENTITY","PROHIBITION","Must not advertise or promote a service that performs prohibited nudification actions.","MANDATORY","2026-08-01","Attorney General and private civil action where applicable","Civil remedies and civil penalty","Subdivision 3","Minnesota Statutes 325E.91, subdivision 2(b)"
"MN-HF1606-REQ-004","325E.91 subd. 3","Covered service provider","EXEMPTED_ACTOR_CONDITION","EXEMPTION","Subdivision 2 prohibitions do not apply when the service requires the technical skill of a user to nudify media.","EXEMPTION","2026-08-01","Not applicable when exemption is satisfied","","","Minnesota Statutes 325E.91, subdivision 3"
"MN-HF1606-REQ-005","325E.91 subd. 4","Person violating section 325E.91","CIVIL_DEFENDANT","PRIVATE_CIVIL_LIABILITY","May be sued by an individual depicted in unlawfully nudified media.","LIABILITY","2026-08-01","Depicted individual in district court","Compensatory damages, punitive damages, injunction, attorney fees, costs, disbursements, and equitable relief","","Minnesota Statutes 325E.91, subdivision 4"
"MN-HF1606-REQ-006","325E.91 subd. 4(1)","Person violating section 325E.91","CIVIL_DEFENDANT","DAMAGES","Subject to compensatory damages, including mental anguish or suffering, up to three times actual damages.","LIABILITY","2026-08-01","Depicted individual in district court","Up to three times actual damages","","Minnesota Statutes 325E.91, subdivision 4(1)"
"MN-HF1606-REQ-007","325E.91 subd. 5(a)","Person violating section 325E.91","ENFORCEMENT_TARGET","ATTORNEY_GENERAL_ENFORCEMENT","Subject to enforcement by the Minnesota Attorney General under section 8.31.","LIABILITY","2026-08-01","Minnesota Attorney General","Available statutory remedies and penalties","","Minnesota Statutes 325E.91, subdivision 5(a)"
"MN-HF1606-REQ-008","325E.91 subd. 5(a)","Person violating section 325E.91","ENFORCEMENT_TARGET","CIVIL_PENALTY","Subject to a civil penalty not exceeding $500,000 for each unlawful access, download, or use.","LIABILITY","2026-08-01","Minnesota Attorney General","Civil penalty up to $500,000 per unlawful access, download, or use","","Minnesota Statutes 325E.91, subdivision 5(a)"
"MN-HF1606-REQ-009","325E.91 subd. 5(b)","State government","STATE_FINANCIAL_ADMINISTRATION","PENALTY_ALLOCATION","Civil penalties must be deposited in the general fund and annually appropriated for victim-service grants.","MANDATORY_GOVERNMENT_ADMINISTRATION","2026-08-01","State financial administration","Allocation to Office of Justice Programs grants","","Minnesota Statutes 325E.91, subdivision 5(b)"
