"requirement_type_id","domain","normalized_name","definition","polarity"
"AUTH-001","AUTHORITY","Authority assignment","Assign a defined decision, implementation, oversight, or enforcement authority to an identified actor.","POSITIVE_DUTY"
"AUTH-002","AUTHORITY","Authority limitation","Prevent an actor or provision from being interpreted as granting authority beyond a defined boundary.","LIMITATION"
"AUTH-003","AUTHORITY","Existing authority preservation","Preserve authority already granted under other law or institutional mandate.","PRESERVATION"
"ACT-001","ACTOR_ACCOUNTABILITY","Responsible actor identification","Identify the developer, deployer, operator, agency, controller, or person responsible for the governed activity.","STRUCTURAL"
"ACT-002","ACTOR_ACCOUNTABILITY","Duty allocation","Allocate a specific governance duty to an identified actor class.","POSITIVE_DUTY"
"EVD-001","EVIDENCE","Evidence creation","Create evidence demonstrating system condition, action, decision, assessment, or compliance.","POSITIVE_DUTY"
"EVD-002","EVIDENCE","Evidence preservation","Retain evidence for a required duration or governed purpose.","POSITIVE_DUTY"
"EVD-003","EVIDENCE","Evidence lineage","Maintain traceable relationships among evidence, source events, actors, versions, and decisions.","POSITIVE_DUTY"
"EVD-004","EVIDENCE","Evidence access","Provide authorized parties access to evidence, models, records, or evaluation materials.","POSITIVE_OR_CONDITIONAL_DUTY"
"EVD-005","EVIDENCE","Evidence protection","Protect evidence or supplied materials against unauthorized access, alteration, disclosure, or misuse.","SAFEGUARD"
"DOC-001","DOCUMENTATION","Technical documentation","Create or maintain technical information describing system design, capability, limits, or operation.","POSITIVE_DUTY"
"DOC-002","DOCUMENTATION","Risk documentation","Document identified risks, evaluations, mitigation measures, and unresolved conditions.","POSITIVE_DUTY"
"DOC-003","DOCUMENTATION","Compliance record","Maintain records demonstrating actions taken to satisfy a governance requirement.","POSITIVE_DUTY"
"RSK-001","RISK_GOVERNANCE","Risk identification","Identify foreseeable, material, systemic, discriminatory, security, or capability-related risks.","POSITIVE_DUTY"
"RSK-002","RISK_GOVERNANCE","Risk assessment","Evaluate likelihood, severity, exposure, affected parties, and operating context.","POSITIVE_DUTY"
"RSK-003","RISK_GOVERNANCE","Risk mitigation","Implement measures intended to prevent, reduce, contain, or remediate identified risks.","POSITIVE_DUTY"
"RSK-004","RISK_GOVERNANCE","Risk escalation","Route unresolved or elevated risks to an actor with appropriate authority.","POSITIVE_DUTY"
"CLS-001","SYSTEM_CLASSIFICATION","Regulated-system classification","Determine whether a model, system, service, use, or capability falls within a governed category.","CLASSIFICATION"
"CLS-002","SYSTEM_CLASSIFICATION","Capability threshold determination","Establish or apply a capability threshold that activates additional governance.","CLASSIFICATION"
"TST-001","TESTING_AND_EVALUATION","Capability benchmarking","Measure system capability against defined benchmarks or evaluation processes.","POSITIVE_DUTY"
"TST-002","TESTING_AND_EVALUATION","Impact assessment","Assess likely or actual effects on individuals, groups, systems, or institutions.","POSITIVE_DUTY"
"TST-003","TESTING_AND_EVALUATION","Validation","Verify that a claim, vulnerability, safeguard, model behavior, or system state is accurate.","POSITIVE_DUTY"
"EXE-001","EXECUTION_CONTROL","Execution admission","Determine whether execution is permitted to begin under defined conditions.","CONTROL"
"EXE-002","EXECUTION_CONTROL","Execution restriction","Constrain system access, use, output, distribution, or operational behavior.","CONTROL"
"EXE-003","EXECUTION_CONTROL","Suspension or termination","Suspend, disable, withdraw, terminate, or prevent continued execution.","CONTROL"
"PRO-001","PROHIBITED_CONDUCT","Prohibited system use","Forbid a defined use of an AI system or automated capability.","PROHIBITION"
"PRO-002","PROHIBITED_CONDUCT","Prohibited capability access","Forbid providing access to a defined AI capability or service.","PROHIBITION"
"PRO-003","PROHIBITED_CONDUCT","Prohibited promotion","Forbid advertising, marketing, promotion, or facilitation of a prohibited capability.","PROHIBITION"
"TRN-001","TRANSPARENCY","User notice","Notify a user, employee, consumer, or affected person that AI is being used.","POSITIVE_DUTY"
"TRN-002","TRANSPARENCY","Regulatory disclosure","Provide required information to a government body, regulator, auditor, or authorized reviewer.","POSITIVE_DUTY"
"TRN-003","TRANSPARENCY","Content provenance disclosure","Indicate that content is AI-generated or preserve detectable provenance information.","POSITIVE_DUTY"
"HUM-001","HUMAN_RIGHTS_AND_REMEDY","Anti-discrimination protection","Prevent or remedy discriminatory treatment or effects from AI use.","PROTECTION"
"HUM-002","HUMAN_RIGHTS_AND_REMEDY","Identity and likeness protection","Protect voice, image, likeness, identity, or intimate representation against unauthorized synthetic use.","PROTECTION"
"HUM-003","HUMAN_RIGHTS_AND_REMEDY","Human review or appeal","Provide a process for review, challenge, correction, or appeal by an affected person.","REMEDY"
"SEC-001","SECURITY","Cybersecurity protection","Apply controls protecting systems, models, information, and infrastructure from cyber threats.","SAFEGUARD"
"SEC-002","SECURITY","Access control","Restrict access to authorized parties, contexts, purposes, or time periods.","SAFEGUARD"
"SEC-003","SECURITY","Confidentiality protection","Prevent unauthorized disclosure of protected information, model materials, evidence, or intellectual property.","SAFEGUARD"
"SEC-004","SECURITY","Insider-risk protection","Detect, prevent, or mitigate misuse by trusted or privileged insiders.","SAFEGUARD"
"SEC-005","SECURITY","Vulnerability management","Discover, validate, prioritize, remediate, and coordinate software or system vulnerabilities.","POSITIVE_DUTY"
"INC-001","INCIDENT_RESPONSE","Incident detection","Detect harmful, unauthorized, anomalous, or nonconforming system behavior.","POSITIVE_DUTY"
"INC-002","INCIDENT_RESPONSE","Incident reporting","Report defined incidents to an authorized party within a required period.","POSITIVE_DUTY"
"INC-003","INCIDENT_RESPONSE","Incident remediation","Contain, correct, repair, or recover from an incident or vulnerability.","POSITIVE_DUTY"
"AUD-001","AUDIT_AND_ASSURANCE","Independent auditability","Enable independent examination of system governance, evidence, controls, and claims.","ASSURANCE"
"AUD-002","AUDIT_AND_ASSURANCE","Reproducible verification","Enable another qualified party to reproduce a finding or conformance determination.","ASSURANCE"
"AUD-003","AUDIT_AND_ASSURANCE","Conformance assessment","Determine whether an implementation satisfies a defined architecture, standard, policy, or legal requirement.","ASSURANCE"
"ENF-001","ENFORCEMENT_AND_LIABILITY","Public enforcement","Authorize a government actor to investigate, compel, enjoin, penalize, or otherwise enforce.","ENFORCEMENT"
"ENF-002","ENFORCEMENT_AND_LIABILITY","Private civil action","Authorize an affected person to initiate a civil claim.","ENFORCEMENT"
"ENF-003","ENFORCEMENT_AND_LIABILITY","Civil penalty","Impose a monetary penalty for violation.","ENFORCEMENT"
"ENF-004","ENFORCEMENT_AND_LIABILITY","Damages and equitable relief","Provide compensatory, enhanced, punitive, injunctive, or equitable remedies.","REMEDY"
"ENF-005","ENFORCEMENT_AND_LIABILITY","Criminal enforcement priority","Prioritize investigation or prosecution under applicable criminal law.","ENFORCEMENT"
"GOV-001","GOVERNMENT_IMPLEMENTATION","Government program creation","Create or expand a government program, office, clearinghouse, process, standard, or service.","POSITIVE_DUTY"
"GOV-002","GOVERNMENT_IMPLEMENTATION","Government workforce development","Create, expand, recruit, hire, train, or place personnel supporting AI governance or security.","POSITIVE_DUTY"
"GOV-003","GOVERNMENT_IMPLEMENTATION","Government funding review","Identify, allocate, or determine availability of public funding for defined governance activities.","POSITIVE_DUTY"
"VOL-001","VOLUNTARY_COORDINATION","Voluntary consultation","Permit nonmandatory consultation between government and private actors.","VOLUNTARY"
"VOL-002","VOLUNTARY_COORDINATION","Voluntary information sharing","Permit nonmandatory sharing of information, evidence, models, or vulnerabilities.","VOLUNTARY"
"VOL-003","VOLUNTARY_COORDINATION","Voluntary controlled access","Permit controlled access to a model, service, or evidence by agreement rather than compulsion.","VOLUNTARY"
"VOL-004","VOLUNTARY_COORDINATION","Voluntary public-private collaboration","Create a consensual collaborative process between government and private actors.","VOLUNTARY"
"SCP-001","SCOPE_AND_EXCEPTIONS","Definition-bound scope","Define the people, systems, capabilities, outputs, or contexts covered by a requirement.","SCOPE"
"SCP-002","SCOPE_AND_EXCEPTIONS","Threshold-bound scope","Limit applicability through a capability, risk, size, use, or materiality threshold.","SCOPE"
"SCP-003","SCOPE_AND_EXCEPTIONS","Express exemption","Exclude a defined actor, technology, use, or condition from a requirement.","EXEMPTION"
"SCP-004","SCOPE_AND_EXCEPTIONS","No private right created","State that a measure does not create a privately enforceable right or benefit.","LIMITATION"
