"requirement_type_id","domain","normalized_name","mapped_source_requirement_count","source_records","current_status"
"AUTH-001","AUTHORITY","Authority assignment","1","FED-EO-14409","ACTIVE_IN_CURRENT_CORPUS"
"AUTH-002","AUTHORITY","Authority limitation","2","FED-EO-14409","ACTIVE_IN_CURRENT_CORPUS"
"AUTH-003","AUTHORITY","Existing authority preservation","1","FED-EO-14409","ACTIVE_IN_CURRENT_CORPUS"
"ACT-001","ACTOR_ACCOUNTABILITY","Responsible actor identification","0","","DEFINED_FOR_EXPANSION"
"ACT-002","ACTOR_ACCOUNTABILITY","Duty allocation","2","FED-EO-14409","ACTIVE_IN_CURRENT_CORPUS"
"EVD-001","EVIDENCE","Evidence creation","0","","DEFINED_FOR_EXPANSION"
"EVD-002","EVIDENCE","Evidence preservation","0","","DEFINED_FOR_EXPANSION"
"EVD-003","EVIDENCE","Evidence lineage","0","","DEFINED_FOR_EXPANSION"
"EVD-004","EVIDENCE","Evidence access","2","FED-EO-14409","ACTIVE_IN_CURRENT_CORPUS"
"EVD-005","EVIDENCE","Evidence protection","2","FED-EO-14409","ACTIVE_IN_CURRENT_CORPUS"
"DOC-001","DOCUMENTATION","Technical documentation","0","","DEFINED_FOR_EXPANSION"
"DOC-002","DOCUMENTATION","Risk documentation","0","","DEFINED_FOR_EXPANSION"
"DOC-003","DOCUMENTATION","Compliance record","0","","DEFINED_FOR_EXPANSION"
"RSK-001","RISK_GOVERNANCE","Risk identification","0","","DEFINED_FOR_EXPANSION"
"RSK-002","RISK_GOVERNANCE","Risk assessment","0","","DEFINED_FOR_EXPANSION"
"RSK-003","RISK_GOVERNANCE","Risk mitigation","0","","DEFINED_FOR_EXPANSION"
"RSK-004","RISK_GOVERNANCE","Risk escalation","0","","DEFINED_FOR_EXPANSION"
"CLS-001","SYSTEM_CLASSIFICATION","Regulated-system classification","2","FED-EO-14409","ACTIVE_IN_CURRENT_CORPUS"
"CLS-002","SYSTEM_CLASSIFICATION","Capability threshold determination","1","FED-EO-14409","ACTIVE_IN_CURRENT_CORPUS"
"TST-001","TESTING_AND_EVALUATION","Capability benchmarking","1","FED-EO-14409","ACTIVE_IN_CURRENT_CORPUS"
"TST-002","TESTING_AND_EVALUATION","Impact assessment","0","","DEFINED_FOR_EXPANSION"
"TST-003","TESTING_AND_EVALUATION","Validation","2","FED-EO-14409","ACTIVE_IN_CURRENT_CORPUS"
"EXE-001","EXECUTION_CONTROL","Execution admission","0","","DEFINED_FOR_EXPANSION"
"EXE-002","EXECUTION_CONTROL","Execution restriction","1","MN-HF-1606","ACTIVE_IN_CURRENT_CORPUS"
"EXE-003","EXECUTION_CONTROL","Suspension or termination","0","","DEFINED_FOR_EXPANSION"
"PRO-001","PROHIBITED_CONDUCT","Prohibited system use","1","MN-HF-1606","ACTIVE_IN_CURRENT_CORPUS"
"PRO-002","PROHIBITED_CONDUCT","Prohibited capability access","1","MN-HF-1606","ACTIVE_IN_CURRENT_CORPUS"
"PRO-003","PROHIBITED_CONDUCT","Prohibited promotion","1","MN-HF-1606","ACTIVE_IN_CURRENT_CORPUS"
"TRN-001","TRANSPARENCY","User notice","0","","DEFINED_FOR_EXPANSION"
"TRN-002","TRANSPARENCY","Regulatory disclosure","0","","DEFINED_FOR_EXPANSION"
"TRN-003","TRANSPARENCY","Content provenance disclosure","0","","DEFINED_FOR_EXPANSION"
"HUM-001","HUMAN_RIGHTS_AND_REMEDY","Anti-discrimination protection","0","","DEFINED_FOR_EXPANSION"
"HUM-002","HUMAN_RIGHTS_AND_REMEDY","Identity and likeness protection","4","MN-HF-1606","ACTIVE_IN_CURRENT_CORPUS"
"HUM-003","HUMAN_RIGHTS_AND_REMEDY","Human review or appeal","0","","DEFINED_FOR_EXPANSION"
"SEC-001","SECURITY","Cybersecurity protection","6","FED-EO-14409","ACTIVE_IN_CURRENT_CORPUS"
"SEC-002","SECURITY","Access control","3","FED-EO-14409","ACTIVE_IN_CURRENT_CORPUS"
"SEC-003","SECURITY","Confidentiality protection","1","FED-EO-14409","ACTIVE_IN_CURRENT_CORPUS"
"SEC-004","SECURITY","Insider-risk protection","1","FED-EO-14409","ACTIVE_IN_CURRENT_CORPUS"
"SEC-005","SECURITY","Vulnerability management","3","FED-EO-14409","ACTIVE_IN_CURRENT_CORPUS"
"INC-001","INCIDENT_RESPONSE","Incident detection","0","","DEFINED_FOR_EXPANSION"
"INC-002","INCIDENT_RESPONSE","Incident reporting","0","","DEFINED_FOR_EXPANSION"
"INC-003","INCIDENT_RESPONSE","Incident remediation","1","FED-EO-14409","ACTIVE_IN_CURRENT_CORPUS"
"AUD-001","AUDIT_AND_ASSURANCE","Independent auditability","0","","DEFINED_FOR_EXPANSION"
"AUD-002","AUDIT_AND_ASSURANCE","Reproducible verification","0","","DEFINED_FOR_EXPANSION"
"AUD-003","AUDIT_AND_ASSURANCE","Conformance assessment","0","","DEFINED_FOR_EXPANSION"
"ENF-001","ENFORCEMENT_AND_LIABILITY","Public enforcement","1","MN-HF-1606","ACTIVE_IN_CURRENT_CORPUS"
"ENF-002","ENFORCEMENT_AND_LIABILITY","Private civil action","1","MN-HF-1606","ACTIVE_IN_CURRENT_CORPUS"
"ENF-003","ENFORCEMENT_AND_LIABILITY","Civil penalty","1","MN-HF-1606","ACTIVE_IN_CURRENT_CORPUS"
"ENF-004","ENFORCEMENT_AND_LIABILITY","Damages and equitable relief","1","MN-HF-1606","ACTIVE_IN_CURRENT_CORPUS"
"ENF-005","ENFORCEMENT_AND_LIABILITY","Criminal enforcement priority","1","FED-EO-14409","ACTIVE_IN_CURRENT_CORPUS"
"GOV-001","GOVERNMENT_IMPLEMENTATION","Government program creation","4","FED-EO-14409","ACTIVE_IN_CURRENT_CORPUS"
"GOV-002","GOVERNMENT_IMPLEMENTATION","Government workforce development","1","FED-EO-14409","ACTIVE_IN_CURRENT_CORPUS"
"GOV-003","GOVERNMENT_IMPLEMENTATION","Government funding review","2","FED-EO-14409;MN-HF-1606","ACTIVE_IN_CURRENT_CORPUS"
"VOL-001","VOLUNTARY_COORDINATION","Voluntary consultation","1","FED-EO-14409","ACTIVE_IN_CURRENT_CORPUS"
"VOL-002","VOLUNTARY_COORDINATION","Voluntary information sharing","0","","DEFINED_FOR_EXPANSION"
"VOL-003","VOLUNTARY_COORDINATION","Voluntary controlled access","1","FED-EO-14409","ACTIVE_IN_CURRENT_CORPUS"
"VOL-004","VOLUNTARY_COORDINATION","Voluntary public-private collaboration","4","FED-EO-14409","ACTIVE_IN_CURRENT_CORPUS"
"SCP-001","SCOPE_AND_EXCEPTIONS","Definition-bound scope","3","FED-EO-14409;MN-HF-1606","ACTIVE_IN_CURRENT_CORPUS"
"SCP-002","SCOPE_AND_EXCEPTIONS","Threshold-bound scope","1","FED-EO-14409","ACTIVE_IN_CURRENT_CORPUS"
"SCP-003","SCOPE_AND_EXCEPTIONS","Express exemption","1","MN-HF-1606","ACTIVE_IN_CURRENT_CORPUS"
"SCP-004","SCOPE_AND_EXCEPTIONS","No private right created","1","FED-EO-14409","ACTIVE_IN_CURRENT_CORPUS"
