"requirement_type_id","domain","normalized_name","reference_architecture_evidence_count","audit_specification_evidence_count","total_public_evidence_count","compatibility_state"
"AUTH-001","AUTHORITY","Authority assignment","1","1","2","NOT_YET_ADJUDICATED"
"AUTH-002","AUTHORITY","Authority limitation","2","5","7","NOT_YET_ADJUDICATED"
"AUTH-003","AUTHORITY","Existing authority preservation","1","0","1","NOT_YET_ADJUDICATED"
"ACT-001","ACTOR_ACCOUNTABILITY","Responsible actor identification","2","1","3","NOT_YET_ADJUDICATED"
"ACT-002","ACTOR_ACCOUNTABILITY","Duty allocation","2","0","2","NOT_YET_ADJUDICATED"
"EVD-001","EVIDENCE","Evidence creation","2","3","5","NOT_YET_ADJUDICATED"
"EVD-002","EVIDENCE","Evidence preservation","2","2","4","NOT_YET_ADJUDICATED"
"EVD-003","EVIDENCE","Evidence lineage","6","5","11","NOT_YET_ADJUDICATED"
"EVD-004","EVIDENCE","Evidence access","1","0","1","NOT_YET_ADJUDICATED"
"EVD-005","EVIDENCE","Evidence protection","0","0","0","NOT_YET_ADJUDICATED"
"DOC-001","DOCUMENTATION","Technical documentation","1","2","3","NOT_YET_ADJUDICATED"
"DOC-002","DOCUMENTATION","Risk documentation","0","0","0","NOT_YET_ADJUDICATED"
"DOC-003","DOCUMENTATION","Compliance record","5","5","10","NOT_YET_ADJUDICATED"
"RSK-001","RISK_GOVERNANCE","Risk identification","0","0","0","NOT_YET_ADJUDICATED"
"RSK-002","RISK_GOVERNANCE","Risk assessment","2","0","2","NOT_YET_ADJUDICATED"
"RSK-003","RISK_GOVERNANCE","Risk mitigation","0","0","0","NOT_YET_ADJUDICATED"
"RSK-004","RISK_GOVERNANCE","Risk escalation","0","0","0","NOT_YET_ADJUDICATED"
"CLS-001","SYSTEM_CLASSIFICATION","Regulated-system classification","1","2","3","NOT_YET_ADJUDICATED"
"CLS-002","SYSTEM_CLASSIFICATION","Capability threshold determination","0","0","0","NOT_YET_ADJUDICATED"
"TST-001","TESTING_AND_EVALUATION","Capability benchmarking","0","0","0","NOT_YET_ADJUDICATED"
"TST-002","TESTING_AND_EVALUATION","Impact assessment","0","0","0","NOT_YET_ADJUDICATED"
"TST-003","TESTING_AND_EVALUATION","Validation","5","1","6","NOT_YET_ADJUDICATED"
"EXE-001","EXECUTION_CONTROL","Execution admission","5","1","6","NOT_YET_ADJUDICATED"
"EXE-002","EXECUTION_CONTROL","Execution restriction","2","0","2","NOT_YET_ADJUDICATED"
"EXE-003","EXECUTION_CONTROL","Suspension or termination","1","0","1","NOT_YET_ADJUDICATED"
"PRO-001","PROHIBITED_CONDUCT","Prohibited system use","0","0","0","NOT_YET_ADJUDICATED"
"PRO-002","PROHIBITED_CONDUCT","Prohibited capability access","0","0","0","NOT_YET_ADJUDICATED"
"PRO-003","PROHIBITED_CONDUCT","Prohibited promotion","0","0","0","NOT_YET_ADJUDICATED"
"TRN-001","TRANSPARENCY","User notice","0","0","0","NOT_YET_ADJUDICATED"
"TRN-002","TRANSPARENCY","Regulatory disclosure","0","0","0","NOT_YET_ADJUDICATED"
"TRN-003","TRANSPARENCY","Content provenance disclosure","0","0","0","NOT_YET_ADJUDICATED"
"HUM-001","HUMAN_RIGHTS_AND_REMEDY","Anti-discrimination protection","0","0","0","NOT_YET_ADJUDICATED"
"HUM-002","HUMAN_RIGHTS_AND_REMEDY","Identity and likeness protection","0","0","0","NOT_YET_ADJUDICATED"
"HUM-003","HUMAN_RIGHTS_AND_REMEDY","Human review or appeal","0","0","0","NOT_YET_ADJUDICATED"
"SEC-001","SECURITY","Cybersecurity protection","0","0","0","NOT_YET_ADJUDICATED"
"SEC-002","SECURITY","Access control","0","2","2","NOT_YET_ADJUDICATED"
"SEC-003","SECURITY","Confidentiality protection","0","0","0","NOT_YET_ADJUDICATED"
"SEC-004","SECURITY","Insider-risk protection","0","0","0","NOT_YET_ADJUDICATED"
"SEC-005","SECURITY","Vulnerability management","0","0","0","NOT_YET_ADJUDICATED"
"INC-001","INCIDENT_RESPONSE","Incident detection","0","0","0","NOT_YET_ADJUDICATED"
"INC-002","INCIDENT_RESPONSE","Incident reporting","0","0","0","NOT_YET_ADJUDICATED"
"INC-003","INCIDENT_RESPONSE","Incident remediation","0","0","0","NOT_YET_ADJUDICATED"
"AUD-001","AUDIT_AND_ASSURANCE","Independent auditability","0","4","4","NOT_YET_ADJUDICATED"
"AUD-002","AUDIT_AND_ASSURANCE","Reproducible verification","3","4","7","NOT_YET_ADJUDICATED"
"AUD-003","AUDIT_AND_ASSURANCE","Conformance assessment","5","12","17","NOT_YET_ADJUDICATED"
"ENF-001","ENFORCEMENT_AND_LIABILITY","Public enforcement","0","0","0","NOT_YET_ADJUDICATED"
"ENF-002","ENFORCEMENT_AND_LIABILITY","Private civil action","0","0","0","NOT_YET_ADJUDICATED"
"ENF-003","ENFORCEMENT_AND_LIABILITY","Civil penalty","0","0","0","NOT_YET_ADJUDICATED"
"ENF-004","ENFORCEMENT_AND_LIABILITY","Damages and equitable relief","0","0","0","NOT_YET_ADJUDICATED"
"ENF-005","ENFORCEMENT_AND_LIABILITY","Criminal enforcement priority","0","0","0","NOT_YET_ADJUDICATED"
"GOV-001","GOVERNMENT_IMPLEMENTATION","Government program creation","0","0","0","NOT_YET_ADJUDICATED"
"GOV-002","GOVERNMENT_IMPLEMENTATION","Government workforce development","0","0","0","NOT_YET_ADJUDICATED"
"GOV-003","GOVERNMENT_IMPLEMENTATION","Government funding review","0","0","0","NOT_YET_ADJUDICATED"
"VOL-001","VOLUNTARY_COORDINATION","Voluntary consultation","0","0","0","NOT_YET_ADJUDICATED"
"VOL-002","VOLUNTARY_COORDINATION","Voluntary information sharing","0","0","0","NOT_YET_ADJUDICATED"
"VOL-003","VOLUNTARY_COORDINATION","Voluntary controlled access","0","0","0","NOT_YET_ADJUDICATED"
"VOL-004","VOLUNTARY_COORDINATION","Voluntary public-private collaboration","0","0","0","NOT_YET_ADJUDICATED"
"SCP-001","SCOPE_AND_EXCEPTIONS","Definition-bound scope","5","4","9","NOT_YET_ADJUDICATED"
"SCP-002","SCOPE_AND_EXCEPTIONS","Threshold-bound scope","0","0","0","NOT_YET_ADJUDICATED"
"SCP-003","SCOPE_AND_EXCEPTIONS","Express exemption","0","0","0","NOT_YET_ADJUDICATED"
"SCP-004","SCOPE_AND_EXCEPTIONS","No private right created","0","0","0","NOT_YET_ADJUDICATED"
