"record_id","jurisdiction","jurisdiction_level","instrument_id","instrument_title","instrument_type","legal_status","official_source_url","source_provision","source_requirement","normalized_requirement","supporting_duties","architectural_applicability","applicability_explanation","architectural_duty_types","orynth_evidence_ids","orynth_evidence_mechanisms","public_status","public_status_code","status_meaning","status_explanation","residual_gap","confidence","legal_compliance_determination","external_legal_authority_preserved","methodology_version","release_version","release_state"
"EO14409-REQ-001","","","FED-EO-14409","Executive Order 14409","","","","","Prioritize cyber defense of National Security Systems","Prioritize cyber defense of National Security Systems","actor=Committee on National Security Systems;actor_class=FEDERAL_BODY;private_company_effect=NONE_DIRECT;collaboration_status=NOT_APPLICABLE","ARCHITECTURAL","Deterministic applicability state: ARCHITECTURAL.","ACT-002;SEC-001","RA-EVD-003;RA-EVD-014","DOMAIN_RESPONSIBILITY_BOUNDARY;GOVERNED_STAGE_SEPARATION","Partially Addressed","PARTIALLY_ADDRESSED","Public ORYNTH evidence addresses material parts of the architectural requirement, but additional functionality or evidence remains necessary.","The provisional verdict survived all eight attacks.","Cannot substitute for domain law.;Does not assign statutory actors.","MEDIUM","NOT_ASSESSED","TRUE","05A-R5B-V1","1.0.0","PUBLIC_PROOF_REFERENCE_CANDIDATE"
"EO14409-REQ-002","","","FED-EO-14409","Executive Order 14409","","","","","Prioritize cyber defense of Department of War information systems","Prioritize cyber defense of Department of War information systems","actor=Secretary of War;actor_class=FEDERAL_OFFICIAL;private_company_effect=NONE_DIRECT;collaboration_status=NOT_APPLICABLE","ARCHITECTURAL","Deterministic applicability state: ARCHITECTURAL.","ACT-002;SEC-001","RA-EVD-003;RA-EVD-014","DOMAIN_RESPONSIBILITY_BOUNDARY;GOVERNED_STAGE_SEPARATION","Partially Addressed","PARTIALLY_ADDRESSED","Public ORYNTH evidence addresses material parts of the architectural requirement, but additional functionality or evidence remains necessary.","The provisional verdict survived all eight attacks.","Cannot substitute for domain law.;Does not assign statutory actors.","MEDIUM","NOT_ASSESSED","TRUE","05A-R5B-V1","1.0.0","PUBLIC_PROOF_REFERENCE_CANDIDATE"
"EO14409-REQ-003","","","FED-EO-14409","Executive Order 14409","","","","","Expedite and prioritize cyber defense of civilian Federal Government information systems","Expedite and prioritize cyber defense of civilian Federal Government information systems","actor=Secretary of Homeland Security through CISA;actor_class=FEDERAL_OFFICIAL;private_company_effect=NONE_DIRECT;collaboration_status=NOT_APPLICABLE","ARCHITECTURAL","Deterministic applicability state: ARCHITECTURAL.","GOV-001;SEC-001","","","Gap","GAP","The requirement is architecturally relevant, but no qualifying public ORYNTH evidence currently addresses it.","The provisional verdict survived all eight attacks.","No qualifying public ORYNTH architectural mechanism was identified.","HIGH","NOT_ASSESSED","TRUE","05A-R5B-V1","1.0.0","PUBLIC_PROOF_REFERENCE_CANDIDATE"
"EO14409-REQ-004","","","FED-EO-14409","Executive Order 14409","","","","","Establish or expand Federal programs and cybersecurity services using AI-enabled defensive tools","Establish or expand Federal programs and cybersecurity services using AI-enabled defensive tools","actor=Secretary of Homeland Security through CISA;actor_class=FEDERAL_OFFICIAL;private_company_effect=POTENTIAL_INDIRECT;collaboration_status=NOT_SPECIFIED","ARCHITECTURAL","Deterministic applicability state: ARCHITECTURAL.","GOV-001;SEC-001","","","Gap","GAP","The requirement is architecturally relevant, but no qualifying public ORYNTH evidence currently addresses it.","The provisional verdict survived all eight attacks.","No qualifying public ORYNTH architectural mechanism was identified.","HIGH","NOT_ASSESSED","TRUE","05A-R5B-V1","1.0.0","PUBLIC_PROOF_REFERENCE_CANDIDATE"
"EO14409-REQ-005","","","FED-EO-14409","Executive Order 14409","","","","","Facilitate access to cybersecurity tools, services, and where appropriate covered frontier models","Facilitate access to cybersecurity tools, services, and where appropriate covered frontier models","actor=Secretary of Homeland Security through CISA;actor_class=FEDERAL_OFFICIAL;private_company_effect=POTENTIAL_INDIRECT;collaboration_status=NOT_SPECIFIED","ARCHITECTURAL","Deterministic applicability state: ARCHITECTURAL.","EVD-004;SEC-002","AAS-EVD-004;AAS-EVD-017;RA-EVD-017","AUDIT_NONINTERFERENCE;MULTI_SOURCE_VALIDATION_EVIDENCE;ONE_WAY_INDEPENDENCE_BOUNDARY","Partially Addressed","PARTIALLY_ADDRESSED","Public ORYNTH evidence addresses material parts of the architectural requirement, but additional functionality or evidence remains necessary.","One or more adversarial controls failed; consolidation must resolve or preserve the recommendation.","Architectural independence is not complete institutional independence.;Not a complete procedural ethics standard.;Presence does not automatically establish admissibility.","HIGH","NOT_ASSESSED","TRUE","05A-R5B-V1","1.0.0","PUBLIC_PROOF_REFERENCE_CANDIDATE"
"EO14409-REQ-006","","","FED-EO-14409","Executive Order 14409","","","","","Form an AI cybersecurity clearinghouse","Form an AI cybersecurity clearinghouse","actor=Secretary of the Treasury;actor_class=FEDERAL_OFFICIAL;private_company_effect=VOLUNTARY_COLLABORATION;collaboration_status=VOLUNTARY","ARCHITECTURAL","Deterministic applicability state: ARCHITECTURAL.","GOV-001;VOL-004","","","Gap","GAP","The requirement is architecturally relevant, but no qualifying public ORYNTH evidence currently addresses it.","The provisional verdict survived all eight attacks.","No qualifying public ORYNTH architectural mechanism was identified.","HIGH","NOT_ASSESSED","TRUE","05A-R5B-V1","1.0.0","PUBLIC_PROOF_REFERENCE_CANDIDATE"
"EO14409-REQ-007","","","FED-EO-14409","Executive Order 14409","","","","","Collaborate with the AI cybersecurity clearinghouse","Collaborate with the AI cybersecurity clearinghouse","actor=AI industry and critical-infrastructure operators;actor_class=PRIVATE_ACTOR;private_company_effect=VOLUNTARY;collaboration_status=VOLUNTARY","ARCHITECTURAL","Deterministic applicability state: ARCHITECTURAL.","VOL-004","","","Gap","GAP","The requirement is architecturally relevant, but no qualifying public ORYNTH evidence currently addresses it.","The provisional verdict survived all eight attacks.","No qualifying public ORYNTH architectural mechanism was identified.","HIGH","NOT_ASSESSED","TRUE","05A-R5B-V1","1.0.0","PUBLIC_PROOF_REFERENCE_CANDIDATE"
"EO14409-REQ-008","","","FED-EO-14409","Executive Order 14409","","","","","Coordinate and deconflict software-vulnerability scanning","Coordinate and deconflict software-vulnerability scanning","actor=AI cybersecurity clearinghouse;actor_class=FEDERAL_COORDINATION_BODY;private_company_effect=POTENTIAL_INDIRECT;collaboration_status=VOLUNTARY_PRIVATE_PARTICIPATION","PARTIALLY_ARCHITECTURAL","ORYNTH provides evidence reconciliation, eligibility, reference-state validation, and governed-evolution mechanisms relevant to coordinated vulnerability-scanning evidence. It does not operate the federal clearinghouse, coordinate independent scanning programs, or deconflict operational scanning activity.","SEC-005;TST-003","AAS-EVD-009;RA-EVD-004;RA-EVD-007;RA-EVD-011;RA-EVD-015;RA-EVD-016","CONDITION_RECONCILIATION;EVIDENCE_ADMISSIBILITY_GATE;EXECUTION_ELIGIBILITY_GATE;GOVERNED_EVOLUTION;REFERENCE_STATE_MAINTENANCE;REFERENCE_STATE_VALIDATION","Related","RELATED","Public ORYNTH evidence addresses a closely related architectural concept but does not directly perform the central duty.","ORYNTH provides evidence reconciliation, eligibility, reference-state validation, and governed-evolution mechanisms relevant to coordinated vulnerability-scanning evidence. It does not operate the federal clearinghouse, coordinate independent scanning programs, or deconflict operational scanning activity.","Operational multi-party scanning coordination, clearinghouse authority, deconfliction procedures, and vulnerability-program execution remain external.","LOW","NOT_ASSESSED","TRUE","05A-R5B-V1","1.0.0","PUBLIC_PROOF_REFERENCE_CANDIDATE"
"EO14409-REQ-009","","","FED-EO-14409","Executive Order 14409","","","","","Discover and validate software vulnerabilities","Discover and validate software vulnerabilities","actor=AI cybersecurity clearinghouse;actor_class=FEDERAL_COORDINATION_BODY;private_company_effect=POTENTIAL_INDIRECT;collaboration_status=VOLUNTARY_PRIVATE_PARTICIPATION","ARCHITECTURAL","Deterministic applicability state: ARCHITECTURAL.","SEC-005;TST-003","AAS-EVD-009;RA-EVD-004;RA-EVD-007;RA-EVD-011;RA-EVD-015;RA-EVD-016","CONDITION_RECONCILIATION;EVIDENCE_ADMISSIBILITY_GATE;EXECUTION_ELIGIBILITY_GATE;GOVERNED_EVOLUTION;REFERENCE_STATE_MAINTENANCE;REFERENCE_STATE_VALIDATION","Partially Addressed","PARTIALLY_ADDRESSED","Public ORYNTH evidence addresses material parts of the architectural requirement, but additional functionality or evidence remains necessary.","The provisional verdict survived all eight attacks.","Applies to audit evidence, not operational action.;Does not certify independent deployments.;Does not govern legislative amendment.;Does not itself monitor legislation.;External policy supplies eligibility criteria.;Requires external condition and policy inputs.","MEDIUM","NOT_ASSESSED","TRUE","05A-R5B-V1","1.0.0","PUBLIC_PROOF_REFERENCE_CANDIDATE"
"EO14409-REQ-010","","","FED-EO-14409","Executive Order 14409","","","","","Coordinate and prioritize remediation and distribution of vulnerability patches","Coordinate and prioritize remediation and distribution of vulnerability patches","actor=AI cybersecurity clearinghouse;actor_class=FEDERAL_COORDINATION_BODY;private_company_effect=POTENTIAL_INDIRECT;collaboration_status=VOLUNTARY_PRIVATE_PARTICIPATION","ARCHITECTURAL","Patch prioritization, remediation routing, and patch distribution are architecturally implementable operational functions. No qualifying public ORYNTH evidence currently performs those functions.","INC-003;SEC-005","","","Gap","GAP","The requirement is architecturally relevant, but no qualifying public ORYNTH evidence currently addresses it.","Patch prioritization, remediation routing, and patch distribution are architecturally implementable operational functions. No qualifying public ORYNTH evidence currently performs those functions.","A public remediation-prioritization, patch-routing, distribution, and deployment-verification mechanism is required.","LOW","NOT_ASSESSED","TRUE","05A-R5B-V1","1.0.0","PUBLIC_PROOF_REFERENCE_CANDIDATE"
"EO14409-REQ-011","","","FED-EO-14409","Executive Order 14409","","","","","Determine whether relevant Federal grant funding is available for advanced AI vulnerability detection","Determine whether relevant Federal grant funding is available for advanced AI vulnerability detection","actor=Director of OMB;actor_class=FEDERAL_OFFICIAL;private_company_effect=POTENTIAL_FUNDING_OPPORTUNITY;collaboration_status=NOT_APPLICABLE","ARCHITECTURAL","Deterministic applicability state: ARCHITECTURAL.","GOV-003","","","Gap","GAP","The requirement is architecturally relevant, but no qualifying public ORYNTH evidence currently addresses it.","The provisional verdict survived all eight attacks.","No qualifying public ORYNTH architectural mechanism was identified.","HIGH","NOT_ASSESSED","TRUE","05A-R5B-V1","1.0.0","PUBLIC_PROOF_REFERENCE_CANDIDATE"
"EO14409-REQ-012","","","FED-EO-14409","Executive Order 14409","","","","","Expand United States Tech Force Information Cybersecurity Specialist hiring and placement pathways","Expand United States Tech Force Information Cybersecurity Specialist hiring and placement pathways","actor=Director of OPM;actor_class=FEDERAL_OFFICIAL;private_company_effect=NONE_DIRECT;collaboration_status=NOT_APPLICABLE","ARCHITECTURAL","Deterministic applicability state: ARCHITECTURAL.","GOV-002","","","Gap","GAP","The requirement is architecturally relevant, but no qualifying public ORYNTH evidence currently addresses it.","The provisional verdict survived all eight attacks.","No qualifying public ORYNTH architectural mechanism was identified.","HIGH","NOT_ASSESSED","TRUE","05A-R5B-V1","1.0.0","PUBLIC_PROOF_REFERENCE_CANDIDATE"
"EO14409-REQ-013","","","FED-EO-14409","Executive Order 14409","","","","","Develop and maintain a classified process for benchmarking advanced cyber capabilities of AI models","Develop and maintain a classified process for benchmarking advanced cyber capabilities of AI models","actor=Designated Federal officials;actor_class=FEDERAL_MULTI_AGENCY;private_company_effect=POTENTIAL_EVALUATION_EFFECT;collaboration_status=INFORMATION_SHARING_AS_APPROPRIATE","ARCHITECTURAL","Deterministic applicability state: ARCHITECTURAL.","EVD-005;SEC-001;TST-001","","","Gap","GAP","The requirement is architecturally relevant, but no qualifying public ORYNTH evidence currently addresses it.","The provisional verdict survived all eight attacks.","No qualifying public ORYNTH architectural mechanism was identified.","HIGH","NOT_ASSESSED","TRUE","05A-R5B-V1","1.0.0","PUBLIC_PROOF_REFERENCE_CANDIDATE"
"EO14409-REQ-014","","","FED-EO-14409","Executive Order 14409","","","","","Determine the threshold for designating an AI model as a covered frontier model","Determine the threshold for designating an AI model as a covered frontier model","actor=Designated Federal officials;actor_class=FEDERAL_MULTI_AGENCY;private_company_effect=POTENTIAL_CLASSIFICATION_EFFECT;collaboration_status=INFORMATION_SHARING_AS_APPROPRIATE","ARCHITECTURAL","Deterministic applicability state: ARCHITECTURAL.","CLS-002;SCP-002","","","Gap","GAP","The requirement is architecturally relevant, but no qualifying public ORYNTH evidence currently addresses it.","The provisional verdict survived all eight attacks.","No qualifying public ORYNTH architectural mechanism was identified.","HIGH","NOT_ASSESSED","TRUE","05A-R5B-V1","1.0.0","PUBLIC_PROOF_REFERENCE_CANDIDATE"
"EO14409-REQ-015","","","FED-EO-14409","Executive Order 14409","","","","","Make covered-frontier-model determinations in consultation with designated officials","Make covered-frontier-model determinations in consultation with designated officials","actor=Director of NSA;actor_class=FEDERAL_OFFICIAL;private_company_effect=POTENTIAL_CLASSIFICATION_EFFECT;collaboration_status=NOT_APPLICABLE","PARTIALLY_ARCHITECTURAL","ORYNTH provides specification primacy, evidence classification, ternary determination, authorization separation, and governed-stage mechanisms that can support a frontier-model determination process. Statutory designation authority and consultation with named federal officials remain external.","AUTH-001;CLS-001","AAS-EVD-008;AAS-EVD-012;AAS-EVD-019;RA-EVD-001;RA-EVD-003","AUTHORIZATION_EXECUTION_SEPARATION;EVIDENCE_CLASSIFICATION;GOVERNED_STAGE_SEPARATION;SPECIFICATION_PRIMACY;TERNARY_DETERMINATION","Partially Addressed","PARTIALLY_ADDRESSED","Public ORYNTH evidence addresses material parts of the architectural requirement, but additional functionality or evidence remains necessary.","ORYNTH provides specification primacy, evidence classification, ternary determination, authorization separation, and governed-stage mechanisms that can support a frontier-model determination process. Statutory designation authority and consultation with named federal officials remain external.","Domain-specific designation criteria, statutory authority, designated-official consultation, and government adoption remain required.","LOW","NOT_ASSESSED","TRUE","05A-R5B-V1","1.0.0","PUBLIC_PROOF_REFERENCE_CANDIDATE"
"EO14409-REQ-016","","","FED-EO-14409","Executive Order 14409","","","","","Design a voluntary framework with AI developers","Design a voluntary framework with AI developers","actor=Designated Federal officials;actor_class=FEDERAL_MULTI_AGENCY;private_company_effect=VOLUNTARY_PARTICIPATION;collaboration_status=VOLUNTARY","NON_ARCHITECTURAL","Designing a voluntary federal framework with private developers is a policy, stakeholder-engagement, and governmental program-design responsibility rather than a function performed by the ORYNTH architecture.","GOV-001;VOL-004","","","Not Applicable","NOT_APPLICABLE","The requirement concerns legal, governmental, administrative, financial, judicial, or other external authority outside ORYNTH architectural scope.","Designing a voluntary federal framework with private developers is a policy, stakeholder-engagement, and governmental program-design responsibility rather than a function performed by the ORYNTH architecture.","Framework authorship, stakeholder consultation, governmental adoption, and voluntary participation remain responsibilities of external actors.","LOW","NOT_ASSESSED","TRUE","05A-R5B-V1","1.0.0","PUBLIC_PROOF_REFERENCE_CANDIDATE"
"EO14409-REQ-017","","","FED-EO-14409","Executive Order 14409","","","","","Engage the Federal Government to determine whether models under development meet the covered-frontier-model designation","Engage the Federal Government to determine whether models under development meet the covered-frontier-model designation","actor=AI developers;actor_class=PRIVATE_ACTOR;private_company_effect=VOLUNTARY;collaboration_status=VOLUNTARY","PARTIALLY_ARCHITECTURAL","ORYNTH evidence-classification and determination mechanisms can structure information used during a model-designation inquiry. They do not perform developer engagement with the Federal Government or create the legal designation.","CLS-001;VOL-001","AAS-EVD-008;AAS-EVD-012;RA-EVD-001","AUTHORIZATION_EXECUTION_SEPARATION;EVIDENCE_CLASSIFICATION;TERNARY_DETERMINATION","Related","RELATED","Public ORYNTH evidence addresses a closely related architectural concept but does not directly perform the central duty.","ORYNTH evidence-classification and determination mechanisms can structure information used during a model-designation inquiry. They do not perform developer engagement with the Federal Government or create the legal designation.","Government engagement, submission procedures, statutory criteria, official consultation, and designation authority remain external.","LOW","NOT_ASSESSED","TRUE","05A-R5B-V1","1.0.0","PUBLIC_PROOF_REFERENCE_CANDIDATE"
"EO14409-REQ-018","","","FED-EO-14409","Executive Order 14409","","","","","Provide the Federal Government access to covered frontier models for up to 30 days before release to other trusted partners","Provide the Federal Government access to covered frontier models for up to 30 days before release to other trusted partners","actor=Participating AI developers;actor_class=PRIVATE_ACTOR;private_company_effect=VOLUNTARY;collaboration_status=VOLUNTARY","ARCHITECTURAL","Deterministic applicability state: ARCHITECTURAL.","EVD-004;SEC-002;VOL-003","AAS-EVD-004;AAS-EVD-017;RA-EVD-017","AUDIT_NONINTERFERENCE;MULTI_SOURCE_VALIDATION_EVIDENCE;ONE_WAY_INDEPENDENCE_BOUNDARY","Partially Addressed","PARTIALLY_ADDRESSED","Public ORYNTH evidence addresses material parts of the architectural requirement, but additional functionality or evidence remains necessary.","The provisional verdict survived all eight attacks.","Architectural independence is not complete institutional independence.;Not a complete procedural ethics standard.;Presence does not automatically establish admissibility.","MEDIUM","NOT_ASSESSED","TRUE","05A-R5B-V1","1.0.0","PUBLIC_PROOF_REFERENCE_CANDIDATE"
"EO14409-REQ-019","","","FED-EO-14409","Executive Order 14409","","","","","Apply appropriate confidentiality, cybersecurity, insider-risk, intellectual-property, use, and nondisclosure protections","Apply appropriate confidentiality, cybersecurity, insider-risk, intellectual-property, use, and nondisclosure protections","actor=Federal Government;actor_class=FEDERAL_MULTI_AGENCY;private_company_effect=PROTECTION_FOR_PARTICIPANTS;collaboration_status=TRIGGERED_BY_VOLUNTARY_PARTICIPATION","ARCHITECTURAL","Deterministic applicability state: ARCHITECTURAL.","EVD-005;SEC-001;SEC-003;SEC-004","","","Gap","GAP","The requirement is architecturally relevant, but no qualifying public ORYNTH evidence currently addresses it.","The provisional verdict survived all eight attacks.","No qualifying public ORYNTH architectural mechanism was identified.","HIGH","NOT_ASSESSED","TRUE","05A-R5B-V1","1.0.0","PUBLIC_PROOF_REFERENCE_CANDIDATE"
"EO14409-REQ-020","","","FED-EO-14409","Executive Order 14409","","","","","Collaborate to select trusted partners for early access to covered frontier models","Collaborate to select trusted partners for early access to covered frontier models","actor=Participating AI developers and Federal Government;actor_class=PUBLIC_PRIVATE_COLLABORATION;private_company_effect=VOLUNTARY;collaboration_status=VOLUNTARY","ARCHITECTURAL","Deterministic applicability state: ARCHITECTURAL.","SEC-002;VOL-004","AAS-EVD-004;AAS-EVD-017","AUDIT_NONINTERFERENCE;ONE_WAY_INDEPENDENCE_BOUNDARY","Related","RELATED","Public ORYNTH evidence addresses a closely related architectural concept but does not directly perform the central duty.","The provisional verdict survived all eight attacks.","Architectural independence is not complete institutional independence.;Not a complete procedural ethics standard.","MEDIUM","NOT_ASSESSED","TRUE","05A-R5B-V1","1.0.0","PUBLIC_PROOF_REFERENCE_CANDIDATE"
"EO14409-REQ-021","","","FED-EO-14409","Executive Order 14409","","","","","Do not construe section 3 as authorizing mandatory model licensing, preclearance, or permitting","Do not construe section 3 as authorizing mandatory model licensing, preclearance, or permitting","actor=Federal Government;actor_class=FEDERAL_AUTHORITY_BOUNDARY;private_company_effect=PROTECTIVE_LIMITATION;collaboration_status=NOT_APPLICABLE","ARCHITECTURAL","Deterministic applicability state: ARCHITECTURAL.","AUTH-002;SCP-001","AAS-EVD-005;AAS-EVD-013;AAS-EVD-016;AAS-EVD-017;AAS-EVD-018;AAS-EVD-019;RA-EVD-009;RA-EVD-010;RA-EVD-014;RA-EVD-019;RA-EVD-020","ASSURANCE_LAYER_BOUNDARY;AUDIT_SCOPE_EXCLUSIONS;DOMAIN_RESPONSIBILITY_BOUNDARY;IMPLEMENTATION_VALIDATION_BOUNDARY;INFERENCE_BOUNDARY;INTEGRATION_BOUNDARY;ONE_WAY_INDEPENDENCE_BOUNDARY;ORGANIZATIONAL_AUTHORITY_BOUNDARY;SCOPE_FIXATION;SPECIFICATION_PRIMACY;TEMPORAL_CONFORMANCE_BOUNDARY","Partially Addressed","PARTIALLY_ADDRESSED","Public ORYNTH evidence addresses material parts of the architectural requirement, but additional functionality or evidence remains necessary.","One or more adversarial controls failed; consolidation must resolve or preserve the recommendation.","Adopting organization retains operational responsibility.;Cannot substitute for domain law.;Does not guarantee future conformance.;Does not replace policy, authority, or infrastructure.;Does not supply legal authority.;Independent deployments require separate validation.;Limits audit claims rather than runtime.;Not a complete procedural ethics standard.;Prohibits legal-certification interpretation.;Tool use alone does not prove valid audit.;Unscoped properties remain unevaluated.","HIGH","NOT_ASSESSED","TRUE","05A-R5B-V1","1.0.0","PUBLIC_PROOF_REFERENCE_CANDIDATE"
"EO14409-REQ-022","","","FED-EO-14409","Executive Order 14409","","","","","Prioritize enforcement of applicable Federal criminal laws against criminal AI-enabled computer access or damage","Prioritize enforcement of applicable Federal criminal laws against criminal AI-enabled computer access or damage","actor=Attorney General;actor_class=FEDERAL_OFFICIAL;private_company_effect=CRIMINAL_LAW_EXPOSURE_FOR_UNLAWFUL_ACTORS;collaboration_status=NOT_APPLICABLE","ARCHITECTURAL","Deterministic applicability state: ARCHITECTURAL.","ENF-005","","","Gap","GAP","The requirement is architecturally relevant, but no qualifying public ORYNTH evidence currently addresses it.","The provisional verdict survived all eight attacks.","No qualifying public ORYNTH architectural mechanism was identified.","HIGH","NOT_ASSESSED","TRUE","05A-R5B-V1","1.0.0","PUBLIC_PROOF_REFERENCE_CANDIDATE"
"EO14409-REQ-023","","","FED-EO-14409","Executive Order 14409","","","","","Preserve existing agency authority and OMB functions","Preserve existing agency authority and OMB functions","actor=Executive branch;actor_class=FEDERAL_AUTHORITY_BOUNDARY;private_company_effect=NONE_DIRECT;collaboration_status=NOT_APPLICABLE","ARCHITECTURAL","Deterministic applicability state: ARCHITECTURAL.","AUTH-003","RA-EVD-010","ORGANIZATIONAL_AUTHORITY_BOUNDARY","Partially Addressed","PARTIALLY_ADDRESSED","Public ORYNTH evidence addresses material parts of the architectural requirement, but additional functionality or evidence remains necessary.","One or more adversarial controls failed; consolidation must resolve or preserve the recommendation.","Does not supply legal authority.","HIGH","NOT_ASSESSED","TRUE","05A-R5B-V1","1.0.0","PUBLIC_PROOF_REFERENCE_CANDIDATE"
"EO14409-REQ-024","","","FED-EO-14409","Executive Order 14409","","","","","Implement the order consistently with applicable law and available appropriations","Implement the order consistently with applicable law and available appropriations","actor=Executive branch;actor_class=FEDERAL_IMPLEMENTATION_BOUNDARY;private_company_effect=NONE_DIRECT;collaboration_status=NOT_APPLICABLE","NON_ARCHITECTURAL","Deterministic applicability state: NON_ARCHITECTURAL.","AUTH-002;SCP-001","AAS-EVD-005;AAS-EVD-013;AAS-EVD-016;AAS-EVD-017;AAS-EVD-018;AAS-EVD-019;RA-EVD-009;RA-EVD-010;RA-EVD-014;RA-EVD-019;RA-EVD-020","ASSURANCE_LAYER_BOUNDARY;AUDIT_SCOPE_EXCLUSIONS;DOMAIN_RESPONSIBILITY_BOUNDARY;IMPLEMENTATION_VALIDATION_BOUNDARY;INFERENCE_BOUNDARY;INTEGRATION_BOUNDARY;ONE_WAY_INDEPENDENCE_BOUNDARY;ORGANIZATIONAL_AUTHORITY_BOUNDARY;SCOPE_FIXATION;SPECIFICATION_PRIMACY;TEMPORAL_CONFORMANCE_BOUNDARY","Not Applicable","NOT_APPLICABLE","The requirement concerns legal, governmental, administrative, financial, judicial, or other external authority outside ORYNTH architectural scope.","The provisional verdict survived all eight attacks.","Adopting organization retains operational responsibility.;Cannot substitute for domain law.;Does not guarantee future conformance.;Does not replace policy, authority, or infrastructure.;Does not supply legal authority.;Independent deployments require separate validation.;Limits audit claims rather than runtime.;Not a complete procedural ethics standard.;Prohibits legal-certification interpretation.;Tool use alone does not prove valid audit.;Unscoped properties remain unevaluated.","HIGH","NOT_ASSESSED","TRUE","05A-R5B-V1","1.0.0","PUBLIC_PROOF_REFERENCE_CANDIDATE"
"EO14409-REQ-025","","","FED-EO-14409","Executive Order 14409","","","","","Recognize that the order creates no privately enforceable substantive or procedural right or benefit","Recognize that the order creates no privately enforceable substantive or procedural right or benefit","actor=All parties;actor_class=LEGAL_EFFECT_BOUNDARY;private_company_effect=NO_PRIVATE_ENFORCEMENT_RIGHT;collaboration_status=NOT_APPLICABLE","NON_ARCHITECTURAL","Whether an executive order creates a privately enforceable right or benefit is a legal-effect boundary determined by law and courts, not an architectural function.","SCP-004","","","Not Applicable","NOT_APPLICABLE","The requirement concerns legal, governmental, administrative, financial, judicial, or other external authority outside ORYNTH architectural scope.","Whether an executive order creates a privately enforceable right or benefit is a legal-effect boundary determined by law and courts, not an architectural function.","Interpretation and enforcement of private rights remain within external legal authority.","LOW","NOT_ASSESSED","TRUE","05A-R5B-V1","1.0.0","PUBLIC_PROOF_REFERENCE_CANDIDATE"
"MN-HF1606-REQ-001","","","MN-HF-1606","Minnesota HF 1606 / Chapter 72","","","","","Must not allow a user to access, download, or use the service to nudify an image or video.","Must not allow a user to access, download, or use the service to nudify an image or video.","actor=Person owning or controlling a website, application, software, program, or other service;actor_class=PRIVATE_OR_PUBLIC_SERVICE_CONTROLLER;enforcement=Attorney General and private civil action;consequence=Civil remedies and civil penalty;exception=Subdivision 3","ARCHITECTURAL","Deterministic applicability state: ARCHITECTURAL.","EXE-002;HUM-002;PRO-002","RA-EVD-003;RA-EVD-008","EXECUTION_DENIAL;GOVERNED_STAGE_SEPARATION","Partially Addressed","PARTIALLY_ADDRESSED","Public ORYNTH evidence addresses material parts of the architectural requirement, but additional functionality or evidence remains necessary.","The provisional verdict survived all eight attacks.","Does not assign statutory actors.;Does not define every domain prohibition.","MEDIUM","NOT_ASSESSED","TRUE","05A-R5B-V1","1.0.0","PUBLIC_PROOF_REFERENCE_CANDIDATE"
"MN-HF1606-REQ-002","","","MN-HF-1606","Minnesota HF 1606 / Chapter 72","","","","","Must not nudify an image or video on behalf of a user.","Must not nudify an image or video on behalf of a user.","actor=Person owning or controlling a website, application, software, program, or other service;actor_class=PRIVATE_OR_PUBLIC_SERVICE_CONTROLLER;enforcement=Attorney General and private civil action;consequence=Civil remedies and civil penalty;exception=Subdivision 3","ARCHITECTURAL","Preventing a covered service from performing prohibited nudification is an architecturally enforceable execution-denial requirement. No qualifying public ORYNTH evidence currently demonstrates nudification-specific detection, classification, or execution blocking.","HUM-002;PRO-001","","","Gap","GAP","The requirement is architecturally relevant, but no qualifying public ORYNTH evidence currently addresses it.","Preventing a covered service from performing prohibited nudification is an architecturally enforceable execution-denial requirement. No qualifying public ORYNTH evidence currently demonstrates nudification-specific detection, classification, or execution blocking.","Domain-specific content classification, prohibited-function detection, execution denial, exception handling, and implementation evidence are required.","LOW","NOT_ASSESSED","TRUE","05A-R5B-V1","1.0.0","PUBLIC_PROOF_REFERENCE_CANDIDATE"
"MN-HF1606-REQ-003","","","MN-HF-1606","Minnesota HF 1606 / Chapter 72","","","","","Must not advertise or promote a service that performs prohibited nudification actions.","Must not advertise or promote a service that performs prohibited nudification actions.","actor=Any person;actor_class=PERSON_OR_ENTITY;enforcement=Attorney General and private civil action where applicable;consequence=Civil remedies and civil penalty;exception=Subdivision 3","NON_ARCHITECTURAL","The prohibition on advertising or promoting a prohibited service regulates commercial and communicative conduct rather than the internal execution governance functions demonstrated by public ORYNTH artifacts.","PRO-003","","","Not Applicable","NOT_APPLICABLE","The requirement concerns legal, governmental, administrative, financial, judicial, or other external authority outside ORYNTH architectural scope.","The prohibition on advertising or promoting a prohibited service regulates commercial and communicative conduct rather than the internal execution governance functions demonstrated by public ORYNTH artifacts.","Advertising review, marketing controls, platform moderation, and legal enforcement remain external organizational responsibilities.","LOW","NOT_ASSESSED","TRUE","05A-R5B-V1","1.0.0","PUBLIC_PROOF_REFERENCE_CANDIDATE"
"MN-HF1606-REQ-004","","","MN-HF-1606","Minnesota HF 1606 / Chapter 72","","","","","Subdivision 2 prohibitions do not apply when the service requires the technical skill of a user to nudify media.","Subdivision 2 prohibitions do not apply when the service requires the technical skill of a user to nudify media.","actor=Covered service provider;actor_class=EXEMPTED_ACTOR_CONDITION;enforcement=Not applicable when exemption is satisfied;consequence=;exception=","PARTIALLY_ARCHITECTURAL","ORYNTH provides scope fixation, assurance boundaries, exclusions, inference boundaries, and responsibility separation relevant to evaluating whether a condition falls outside a governed scope. It does not determine whether the statutory technical-skill exemption is legally satisfied.","SCP-001;SCP-003","AAS-EVD-005;AAS-EVD-013;AAS-EVD-016;AAS-EVD-018;RA-EVD-009;RA-EVD-010;RA-EVD-014;RA-EVD-019;RA-EVD-020","ASSURANCE_LAYER_BOUNDARY;AUDIT_SCOPE_EXCLUSIONS;DOMAIN_RESPONSIBILITY_BOUNDARY;IMPLEMENTATION_VALIDATION_BOUNDARY;INFERENCE_BOUNDARY;INTEGRATION_BOUNDARY;ORGANIZATIONAL_AUTHORITY_BOUNDARY;SCOPE_FIXATION;TEMPORAL_CONFORMANCE_BOUNDARY","Related","RELATED","Public ORYNTH evidence addresses a closely related architectural concept but does not directly perform the central duty.","ORYNTH provides scope fixation, assurance boundaries, exclusions, inference boundaries, and responsibility separation relevant to evaluating whether a condition falls outside a governed scope. It does not determine whether the statutory technical-skill exemption is legally satisfied.","The statutory meaning of technical skill, factual evidence of user activity, legal exception criteria, and authoritative exemption determination remain external.","LOW","NOT_ASSESSED","TRUE","05A-R5B-V1","1.0.0","PUBLIC_PROOF_REFERENCE_CANDIDATE"
"MN-HF1606-REQ-005","","","MN-HF-1606","Minnesota HF 1606 / Chapter 72","","","","","May be sued by an individual depicted in unlawfully nudified media.","May be sued by an individual depicted in unlawfully nudified media.","actor=Person violating section 325E.91;actor_class=CIVIL_DEFENDANT;enforcement=Depicted individual in district court;consequence=Compensatory damages, punitive damages, injunction, attorney fees, costs, disbursements, and equitable relief;exception=","NON_ARCHITECTURAL","The availability of a private civil action is a legal remedy and judicial process, not a function that ORYNTH architectural mechanisms can perform.","ENF-002;HUM-002","","","Not Applicable","NOT_APPLICABLE","The requirement concerns legal, governmental, administrative, financial, judicial, or other external authority outside ORYNTH architectural scope.","The availability of a private civil action is a legal remedy and judicial process, not a function that ORYNTH architectural mechanisms can perform.","Standing, filing, adjudication, damages, injunctions, and judicial enforcement remain within external legal institutions.","LOW","NOT_ASSESSED","TRUE","05A-R5B-V1","1.0.0","PUBLIC_PROOF_REFERENCE_CANDIDATE"
"MN-HF1606-REQ-006","","","MN-HF-1606","Minnesota HF 1606 / Chapter 72","","","","","Subject to compensatory damages, including mental anguish or suffering, up to three times actual damages.","Subject to compensatory damages, including mental anguish or suffering, up to three times actual damages.","actor=Person violating section 325E.91;actor_class=CIVIL_DEFENDANT;enforcement=Depicted individual in district court;consequence=Up to three times actual damages;exception=","NON_ARCHITECTURAL","Compensatory and multiplied damages are legal consequences imposed through judicial authority rather than architectural system requirements.","ENF-004","","","Not Applicable","NOT_APPLICABLE","The requirement concerns legal, governmental, administrative, financial, judicial, or other external authority outside ORYNTH architectural scope.","Compensatory and multiplied damages are legal consequences imposed through judicial authority rather than architectural system requirements.","Damage calculation, evidentiary findings, judicial discretion, and enforcement remain within external legal authority.","LOW","NOT_ASSESSED","TRUE","05A-R5B-V1","1.0.0","PUBLIC_PROOF_REFERENCE_CANDIDATE"
"MN-HF1606-REQ-007","","","MN-HF-1606","Minnesota HF 1606 / Chapter 72","","","","","Subject to enforcement by the Minnesota Attorney General under section 8.31.","Subject to enforcement by the Minnesota Attorney General under section 8.31.","actor=Person violating section 325E.91;actor_class=ENFORCEMENT_TARGET;enforcement=Minnesota Attorney General;consequence=Available statutory remedies and penalties;exception=","NON_ARCHITECTURAL","Deterministic applicability state: NON_ARCHITECTURAL.","ENF-001","","","Not Applicable","NOT_APPLICABLE","The requirement concerns legal, governmental, administrative, financial, judicial, or other external authority outside ORYNTH architectural scope.","The provisional verdict survived all eight attacks.","The obligation remains with the legally responsible external actor or institution.","HIGH","NOT_ASSESSED","TRUE","05A-R5B-V1","1.0.0","PUBLIC_PROOF_REFERENCE_CANDIDATE"
"MN-HF1606-REQ-008","","","MN-HF-1606","Minnesota HF 1606 / Chapter 72","","","","","Subject to a civil penalty not exceeding $500,000 for each unlawful access, download, or use.","Subject to a civil penalty not exceeding $500,000 for each unlawful access, download, or use.","actor=Person violating section 325E.91;actor_class=ENFORCEMENT_TARGET;enforcement=Minnesota Attorney General;consequence=Civil penalty up to $500,000 per unlawful access, download, or use;exception=","ARCHITECTURAL","Deterministic applicability state: ARCHITECTURAL.","ENF-003","","","Gap","GAP","The requirement is architecturally relevant, but no qualifying public ORYNTH evidence currently addresses it.","The provisional verdict survived all eight attacks.","No qualifying public ORYNTH architectural mechanism was identified.","HIGH","NOT_ASSESSED","TRUE","05A-R5B-V1","1.0.0","PUBLIC_PROOF_REFERENCE_CANDIDATE"
"MN-HF1606-REQ-009","","","MN-HF-1606","Minnesota HF 1606 / Chapter 72","","","","","Civil penalties must be deposited in the general fund and annually appropriated for victim-service grants.","Civil penalties must be deposited in the general fund and annually appropriated for victim-service grants.","actor=State government;actor_class=STATE_FINANCIAL_ADMINISTRATION;enforcement=State financial administration;consequence=Allocation to Office of Justice Programs grants;exception=","NON_ARCHITECTURAL","Deterministic applicability state: NON_ARCHITECTURAL.","GOV-003;HUM-002","","","Not Applicable","NOT_APPLICABLE","The requirement concerns legal, governmental, administrative, financial, judicial, or other external authority outside ORYNTH architectural scope.","The provisional verdict survived all eight attacks.","The obligation remains with the legally responsible external actor or institution.","HIGH","NOT_ASSESSED","TRUE","05A-R5B-V1","1.0.0","PUBLIC_PROOF_REFERENCE_CANDIDATE"
